response_ID,age,UBC_student,gender,ethnicity,intelligence_female_asym_1,intelligence_female_asym_1_num,kindness_female_asym_1,kindness_female_asym_1_num,socialclass_female_asym_1,socialclass_female_asym_1_num,Intelligence_female_sym_1,Intelligence_female_sym_1_num,kindness_female_sym_1,kindness_female_sym_1_num,socialclass_female_sym_1,socialclass_female_sym_1_num,Intelligence_female_asym_2,Intelligence_female_asym_2_num,kindness_female_asym_2,kindness_female_asym_2_num,socialclass_female_asym_2,socialclass_female_asym_2_num,intelligence_female_sym_2,intelligence_female_sym_2_num,kindness_female_sym_2,kindness_female_sym_2_num,socialclass_female_sym_2,socialclass_female_sym_2_num,intelligence_male_asym_1,intelligence_male_asym_1_num,kindness_male_asym_1,kindness_male_asym_1_num,socialclass_male_asym_1,socialclass_male_asym_1_num,intelligence_male_sym_1,intelligence_male_sym_1_num,kindness_male_sym_1,kindness_male_sym_1_num,socialclass_male_sym_1,socialclass_male_sym_1_num,intelligence_male_asym_2,intelligence_male_asym_2_num,kindness_male_asym_2,kindness_male_asym_2_num,socialclass_male_asym_2,socialclass_male_asym_2_num,intelligence_male_sym_2,intelligence_male_sym_2_num,kindness_male_sym_2,kindness_male_sym_2_num,socialclass_male_sym_2,socialclass_male_sym_2_num
1,18 - 24,Yes,Female,East Asian,Somewhat Intelligent,3,Somewhat Kind,3,Upper Middle Class,3,Somewhat Unintelligent,2,Somewhat Kind,3,Lower Middle Class,2,Somewhat Unintelligent,2,Somewhat Unkind,2,Lower Middle Class,2,Somewhat Intelligent,3,Moderately Kind,4,Upper Middle Class,3,Moderately Unintelligent,1,Somewhat Kind,3,Upper Low Class,1,Moderately Intelligent,4,Moderately Kind,4,Upper Middle Class,3,Somewhat Intelligent,3,Somewhat Unkind,2,Lower Middle Class,2,Somewhat Unintelligent,2,Moderately Unkind,1,Lower Middle Class,2
2,18 - 24,Yes,Female,South Asian,Somewhat Unintelligent,2,Somewhat Unkind,2,Lower Middle Class,2,Somewhat Unintelligent,2,Somewhat Kind,3,Lower Middle Class,2,Somewhat Unintelligent,2,Somewhat Unkind,2,Lower Middle Class,2,Somewhat Intelligent,3,Moderately Unkind,1,Lower Middle Class,2,Moderately Intelligent,4,Somewhat Kind,3,Upper Middle Class,3,Somewhat Unintelligent,2,Somewhat Unkind,2,Lower Middle Class,2,Somewhat Unintelligent,2,Somewhat Unkind,2,Lower Middle Class,2,Somewhat Intelligent,3,Moderately Unkind,1,Lower Middle Class,2
3,18 - 24,Yes,Female,East Asian,Somewhat Intelligent,3,Somewhat Unkind,2,Lower Middle Class,2,Somewhat Intelligent,3,Somewhat Kind,3,Upper Middle Class,3,Somewhat Intelligent,3,Moderately Kind,4,Upper Low Class,1,Somewhat Intelligent,3,Somewhat Unkind,2,Lower Middle Class,2,Highly Unintelligent,0,Moderately Unkind,1,Lower Low Class,0,Somewhat Unintelligent,2,Somewhat Unkind,2,Upper Low Class,1,Moderately Unintelligent,1,Somewhat Unkind,2,Upper Low Class,1,Highly Intelligent,5,Moderately Kind,4,Lower High Class,4
4,18 - 24,Yes,Female,East Asian,Somewhat Intelligent,3,Somewhat Kind,3,Upper Middle Class,3,Moderately Intelligent,4,Moderately Kind,4,Upper Middle Class,3,Moderately Intelligent,4,Somewhat Unkind,2,Lower Middle Class,2,Somewhat Intelligent,3,Somewhat Kind,3,Upper Middle Class,3,Somewhat Intelligent,3,Somewhat Kind,3,Upper Middle Class,3,Moderately Intelligent,4,Moderately Kind,4,Upper Middle Class,3,Moderately Intelligent,4,Moderately Kind,4,Upper Middle Class,3,Somewhat Intelligent,3,Moderately Kind,4,Upper Middle Class,3
5,18 - 24,Yes,Female,East Asian,Moderately Intelligent,4,Not Kind At All,0,Upper Middle Class,3,Moderately Unintelligent,1,Somewhat Kind,3,Upper Low Class,1,Highly Intelligent,5,Definitely Kind,5,Upper Middle Class,3,Moderately Unintelligent,1,Somewhat Unkind,2,Lower Middle Class,2,Highly Unintelligent,0,Moderately Unkind,1,Upper Low Class,1,Highly Intelligent,5,Somewhat Unkind,2,Upper Middle Class,3,Somewhat Intelligent,3,Moderately Kind,4,Lower Middle Class,2,Moderately Unintelligent,1,Moderately Unkind,1,Lower Low Class,0
6,18 - 24,Yes,Male,East Asian,Somewhat Intelligent,3,Moderately Unkind,1,Upper Middle Class,3,Somewhat Unintelligent,2,Moderately Unkind,1,Upper Low Class,1,Somewhat Intelligent,3,Somewhat Unkind,2,Lower Middle Class,2,Somewhat Intelligent,3,Somewhat Kind,3,Upper Middle Class,3,Somewhat Intelligent,3,Moderately Unkind,1,Upper Low Class,1,Somewhat Intelligent,3,Somewhat Kind,3,Lower Middle Class,2,Somewhat Intelligent,3,Somewhat Kind,3,Upper Low Class,1,Somewhat Intelligent,3,Somewhat Kind,3,Upper Middle Class,3
7,18 - 24,Yes,Female,East Asian,Moderately Intelligent,4,Somewhat Unkind,2,Lower Middle Class,2,Moderately Intelligent,4,Somewhat Unkind,2,Upper Middle Class,3,Moderately Intelligent,4,Somewhat Kind,3,Upper Middle Class,3,Moderately Intelligent,4,Somewhat Kind,3,Upper Middle Class,3,Somewhat Intelligent,3,Moderately Unkind,1,Lower Middle Class,2,Moderately Intelligent,4,Somewhat Unkind,2,Upper Middle Class,3,Moderately Intelligent,4,Somewhat Kind,3,Lower Middle Class,2,Somewhat Unintelligent,2,Somewhat Unkind,2,Lower Middle Class,2
8,18 - 24,Yes,Female,East Asian,Moderately Intelligent,4,Moderately Kind,4,Upper Middle Class,3,Moderately Intelligent,4,Somewhat Kind,3,Lower Middle Class,2,Moderately Intelligent,4,Somewhat Kind,3,Upper Middle Class,3,Moderately Intelligent,4,Somewhat Kind,3,Lower Middle Class,2,Somewhat Intelligent,3,Somewhat Kind,3,Upper Low Class,1,Moderately Intelligent,4,Moderately Kind,4,Upper Middle Class,3,Moderately Intelligent,4,Moderately Kind,4,Upper Middle Class,3,Moderately Intelligent,4,Somewhat Kind,3,Upper Middle Class,3
9,18 - 24,Yes,Female,East Asian,Moderately Intelligent,4,Moderately Kind,4,Upper Middle Class,3,Highly Intelligent,5,Moderately Kind,4,Lower Middle Class,2,Somewhat Unintelligent,2,Somewhat Kind,3,Upper Low Class,1,Somewhat Unintelligent,2,Moderately Kind,4,Lower Middle Class,2,Moderately Unintelligent,1,Moderately Unkind,1,Upper Low Class,1,Highly Intelligent,5,Somewhat Unkind,2,Upper Low Class,1,Somewhat Intelligent,3,Somewhat Kind,3,Upper Middle Class,3,Somewhat Intelligent,3,Somewhat Kind,3,Lower Middle Class,2
10,18 - 24,Yes,Male,East Asian,Moderately Intelligent,4,Definitely Kind,5,Upper Middle Class,3,Highly Intelligent,5,Moderately Kind,4,Upper Middle Class,3,Moderately Intelligent,4,Moderately Kind,4,Upper Middle Class,3,Moderately Intelligent,4,Moderately Kind,4,Upper Middle Class,3,Highly Intelligent,5,Moderately Kind,4,Upper Middle Class,3,Moderately Intelligent,4,Moderately Kind,4,Upper Middle Class,3,Moderately Intelligent,4,Definitely Kind,5,Upper Middle Class,3,Moderately Intelligent,4,Moderately Kind,4,Upper Middle Class,3
11,18 - 24,Yes,Female,East Asian,Somewhat Unintelligent,2,Moderately Unkind,1,Upper Middle Class,3,Moderately Intelligent,4,Moderately Kind,4,Upper Middle Class,3,Somewhat Intelligent,3,Somewhat Kind,3,Lower Middle Class,2,Moderately Unintelligent,1,Somewhat Kind,3,Upper Low Class,1,Highly Unintelligent,0,Moderately Unkind,1,Lower Middle Class,2,Moderately Unintelligent,1,Somewhat Unkind,2,Lower Middle Class,2,Moderately Unintelligent,1,Moderately Kind,4,Upper Low Class,1,Somewhat Unintelligent,2,Moderately Kind,4,Lower High Class,4
12,18 - 24,Yes,Female,East Asian,Moderately Intelligent,4,Moderately Kind,4,Upper Middle Class,3,Moderately Intelligent,4,Somewhat Kind,3,Upper Middle Class,3,Somewhat Intelligent,3,Somewhat Kind,3,Lower Middle Class,2,Somewhat Intelligent,3,Somewhat Kind,3,Lower High Class,4,Somewhat Unintelligent,2,Somewhat Kind,3,Lower Low Class,0,Highly Intelligent,5,Somewhat Unkind,2,Lower Middle Class,2,Somewhat Intelligent,3,Somewhat Kind,3,Lower Middle Class,2,Somewhat Unintelligent,2,Moderately Unkind,1,Upper Low Class,1
13,18 - 24,Yes,Female,East Asian,Somewhat Intelligent,3,Moderately Kind,4,Upper Middle Class,3,Somewhat Intelligent,3,Somewhat Unkind,2,Upper Low Class,1,Somewhat Unintelligent,2,Somewhat Unkind,2,Upper Low Class,1,Somewhat Intelligent,3,Moderately Unkind,1,Upper Middle Class,3,Somewhat Intelligent,3,Somewhat Unkind,2,Lower Middle Class,2,Somewhat Unintelligent,2,Somewhat Unkind,2,Lower Middle Class,2,Moderately Intelligent,4,Moderately Kind,4,Lower Middle Class,2,Somewhat Intelligent,3,Moderately Unkind,1,Lower High Class,4
14,18 - 24,Yes,Male,East Asian,Moderately Intelligent,4,Moderately Kind,4,Upper Middle Class,3,Moderately Intelligent,4,Definitely Kind,5,Upper Low Class,1,Moderately Intelligent,4,Definitely Kind,5,Upper Middle Class,3,Somewhat Unintelligent,2,Not Kind At All,0,Upper High Class,5,Moderately Unintelligent,1,Not Kind At All,0,Lower High Class,4,Highly Intelligent,5,Moderately Unkind,1,Upper Middle Class,3,Somewhat Intelligent,3,Moderately Unkind,1,Lower Middle Class,2,Moderately Unintelligent,1,Somewhat Kind,3,Lower Middle Class,2
15,18 - 24,Yes,Female,East Asian,Somewhat Intelligent,3,Somewhat Kind,3,Lower Middle Class,2,Somewhat Intelligent,3,Somewhat Unkind,2,Upper Middle Class,3,Somewhat Intelligent,3,Somewhat Kind,3,Lower Middle Class,2,Somewhat Intelligent,3,Somewhat Kind,3,Lower High Class,4,Somewhat Intelligent,3,Somewhat Kind,3,Lower Middle Class,2,Somewhat Intelligent,3,Somewhat Kind,3,Upper Middle Class,3,Somewhat Intelligent,3,Somewhat Kind,3,Lower Middle Class,2,Somewhat Intelligent,3,Somewhat Kind,3,Upper Middle Class,3
16,18 - 24,Yes,Female,East Asian,Moderately Intelligent,4,Somewhat Kind,3,Lower High Class,4,Somewhat Intelligent,3,Moderately Kind,4,Lower Middle Class,2,Moderately Intelligent,4,Somewhat Kind,3,Upper Middle Class,3,Somewhat Unintelligent,2,Somewhat Kind,3,Lower Middle Class,2,Somewhat Unintelligent,2,Somewhat Unkind,2,Lower Middle Class,2,Moderately Intelligent,4,Somewhat Kind,3,Upper Middle Class,3,Moderately Intelligent,4,Moderately Kind,4,Lower High Class,4,Moderately Intelligent,4,Somewhat Kind,3,Lower High Class,4
17,18 - 24,Yes,Female,Middle Eastern,Highly Intelligent,5,Somewhat Unkind,2,Upper Middle Class,3,Somewhat Unintelligent,2,Moderately Unkind,1,Lower Middle Class,2,Somewhat Intelligent,3,Moderately Kind,4,Lower Middle Class,2,Moderately Unintelligent,1,Somewhat Unkind,2,Lower High Class,4,Highly Unintelligent,0,Moderately Unkind,1,Lower Middle Class,2,Somewhat Unintelligent,2,Somewhat Unkind,2,Lower Middle Class,2,Somewhat Intelligent,3,Somewhat Kind,3,Upper Middle Class,3,Somewhat Intelligent,3,Somewhat Unkind,2,Upper High Class,5
18,18 - 24,Yes,Female,Middle Eastern,Moderately Unintelligent,1,Somewhat Kind,3,Upper Middle Class,3,Somewhat Unintelligent,2,Moderately Unkind,1,Lower Low Class,0,Highly Intelligent,5,Somewhat Unkind,2,Upper Middle Class,3,Somewhat Intelligent,3,Somewhat Kind,3,Lower Middle Class,2,Highly Unintelligent,0,Moderately Unkind,1,Lower Low Class,0,Somewhat Intelligent,3,Somewhat Unkind,2,Upper Low Class,1,Moderately Unintelligent,1,Somewhat Unkind,2,Lower Middle Class,2,Moderately Intelligent,4,Somewhat Unkind,2,Upper Middle Class,3
19,18 - 24,Yes,Female,East Asian,Moderately Intelligent,4,Somewhat Kind,3,Upper Middle Class,3,Moderately Intelligent,4,Moderately Kind,4,Lower High Class,4,Highly Intelligent,5,Moderately Kind,4,Lower Middle Class,2,Moderately Intelligent,4,Somewhat Kind,3,Upper Middle Class,3,Somewhat Intelligent,3,Somewhat Unkind,2,Lower Middle Class,2,Moderately Intelligent,4,Moderately Unkind,1,Lower High Class,4,Somewhat Intelligent,3,Moderately Kind,4,Upper Middle Class,3,Somewhat Intelligent,3,Moderately Kind,4,Upper Middle Class,3
20,18 - 24,Yes,Female,South Asian,Somewhat Intelligent,3,Somewhat Kind,3,Lower Middle Class,2,Somewhat Intelligent,3,Somewhat Unkind,2,Upper Middle Class,3,Somewhat Intelligent,3,Definitely Kind,5,Lower Middle Class,2,Moderately Intelligent,4,Moderately Kind,4,Lower Middle Class,2,Moderately Unintelligent,1,Somewhat Unkind,2,Upper Low Class,1,Highly Intelligent,5,Moderately Unkind,1,Upper Middle Class,3,Moderately Intelligent,4,Moderately Kind,4,Lower Middle Class,2,Moderately Intelligent,4,Somewhat Unkind,2,Upper High Class,5
21,18 - 24,Yes,Female,East Asian,Somewhat Intelligent,3,Moderately Kind,4,Lower Middle Class,2,Somewhat Intelligent,3,Somewhat Kind,3,Lower Middle Class,2,Somewhat Intelligent,3,Somewhat Kind,3,Upper Low Class,1,Moderately Intelligent,4,Moderately Kind,4,Lower Middle Class,2,Somewhat Unintelligent,2,Moderately Unkind,1,Upper Low Class,1,Somewhat Intelligent,3,Somewhat Kind,3,Lower Middle Class,2,Somewhat Unintelligent,2,Somewhat Kind,3,Upper Low Class,1,Somewhat Intelligent,3,Somewhat Unkind,2,Lower Middle Class,2
22,18 - 24,Yes,Female,Middle Eastern,Moderately Intelligent,4,Somewhat Unkind,2,Upper Low Class,1,Moderately Intelligent,4,Moderately Unkind,1,Lower Middle Class,2,Moderately Intelligent,4,Moderately Kind,4,Upper Low Class,1,Somewhat Unintelligent,2,Somewhat Kind,3,Lower Middle Class,2,Highly Unintelligent,0,Somewhat Kind,3,Lower High Class,4,Moderately Intelligent,4,Somewhat Unkind,2,Upper High Class,5,Moderately Unintelligent,1,Somewhat Kind,3,Upper Middle Class,3,Moderately Unintelligent,1,Somewhat Kind,3,Lower High Class,4
23,18 - 24,Yes,Female,East Asian,Somewhat Intelligent,3,Somewhat Unkind,2,Lower Middle Class,2,Somewhat Intelligent,3,Somewhat Unkind,2,Lower Middle Class,2,Moderately Intelligent,4,Somewhat Unkind,2,Upper Low Class,1,Somewhat Unintelligent,2,Somewhat Kind,3,Lower High Class,4,Somewhat Unintelligent,2,Somewhat Kind,3,Lower High Class,4,Somewhat Intelligent,3,Somewhat Unkind,2,Upper Low Class,1,Highly Intelligent,5,Moderately Kind,4,Upper Middle Class,3,Moderately Intelligent,4,Moderately Kind,4,Upper Middle Class,3
24,18 - 24,Yes,Female,Caucasian,Highly Intelligent,5,Moderately Kind,4,Upper Middle Class,3,Moderately Intelligent,4,Moderately Unkind,1,Lower High Class,4,Moderately Intelligent,4,Moderately Kind,4,Lower High Class,4,Highly Intelligent,5,Moderately Kind,4,Lower High Class,4,Somewhat Unintelligent,2,Definitely Kind,5,Lower Middle Class,2,Somewhat Unintelligent,2,Somewhat Unkind,2,Upper Low Class,1,Moderately Unintelligent,1,Somewhat Kind,3,Lower Middle Class,2,Somewhat Intelligent,3,Somewhat Kind,3,Upper Middle Class,3
25,18 - 24,Yes,Male,Caucasian,Moderately Intelligent,4,Moderately Unkind,1,Upper Middle Class,3,Somewhat Unintelligent,2,Moderately Kind,4,Upper Low Class,1,Moderately Intelligent,4,Moderately Kind,4,Upper Middle Class,3,Somewhat Intelligent,3,Moderately Kind,4,Upper Low Class,1,Moderately Unintelligent,1,Somewhat Kind,3,Upper Low Class,1,Moderately Intelligent,4,Not Kind At All,0,Upper Low Class,1,Moderately Intelligent,4,Moderately Unkind,1,Upper Middle Class,3,Somewhat Intelligent,3,Somewhat Kind,3,Upper Low Class,1
26,18 - 24,Yes,Female,East Asian,Somewhat Intelligent,3,Somewhat Kind,3,Lower Middle Class,2,Somewhat Unintelligent,2,Somewhat Kind,3,Upper Middle Class,3,Somewhat Unintelligent,2,Somewhat Unkind,2,Lower Middle Class,2,Somewhat Intelligent,3,Somewhat Kind,3,Upper Middle Class,3,Somewhat Unintelligent,2,Somewhat Unkind,2,Upper Low Class,1,Somewhat Unintelligent,2,Somewhat Unkind,2,Lower Middle Class,2,Somewhat Intelligent,3,Somewhat Unkind,2,Upper Middle Class,3,Somewhat Unintelligent,2,Somewhat Unkind,2,Upper Middle Class,3
27,18 - 24,Yes,Female,East Asian,Moderately Intelligent,4,Moderately Kind,4,Lower High Class,4,Somewhat Intelligent,3,Somewhat Kind,3,Lower Middle Class,2,Highly Intelligent,5,Somewhat Kind,3,Lower Middle Class,2,Highly Intelligent,5,Definitely Kind,5,Upper Middle Class,3,Somewhat Intelligent,3,Somewhat Kind,3,Lower Middle Class,2,Somewhat Intelligent,3,Somewhat Kind,3,Lower Middle Class,2,Moderately Intelligent,4,Definitely Kind,5,Lower High Class,4,Moderately Intelligent,4,Somewhat Kind,3,Lower Middle Class,2
28,18 - 24,Yes,Female,East Asian,Moderately Intelligent,4,Moderately Unkind,1,Lower High Class,4,Somewhat Intelligent,3,Somewhat Kind,3,Lower High Class,4,Moderately Unintelligent,1,Somewhat Kind,3,Upper Low Class,1,Moderately Unintelligent,1,Somewhat Unkind,2,Lower Middle Class,2,Highly Unintelligent,0,Somewhat Kind,3,Lower Low Class,0,Somewhat Unintelligent,2,Moderately Unkind,1,Upper Low Class,1,Somewhat Intelligent,3,Somewhat Kind,3,Upper Middle Class,3,Somewhat Unintelligent,2,Somewhat Unkind,2,Lower Middle Class,2
29,18 - 24,Yes,Male,East Asian,Moderately Intelligent,4,Somewhat Unkind,2,Lower High Class,4,Moderately Intelligent,4,Somewhat Kind,3,Lower High Class,4,Somewhat Intelligent,3,Somewhat Kind,3,Upper Middle Class,3,Moderately Intelligent,4,Moderately Kind,4,Upper Middle Class,3,Somewhat Intelligent,3,Somewhat Unkind,2,Lower Middle Class,2,Somewhat Intelligent,3,Somewhat Kind,3,Upper Middle Class,3,Somewhat Intelligent,3,Moderately Kind,4,Upper Middle Class,3,Somewhat Intelligent,3,Somewhat Kind,3,Lower High Class,4
30,18 - 24,Yes,Female,East Asian,Moderately Unintelligent,1,Moderately Unkind,1,Upper Low Class,1,Somewhat Intelligent,3,Somewhat Kind,3,Lower Middle Class,2,Somewhat Unintelligent,2,Somewhat Kind,3,Lower Middle Class,2,Somewhat Intelligent,3,Somewhat Unkind,2,Upper Low Class,1,Moderately Unintelligent,1,Moderately Unkind,1,Lower Low Class,0,Moderately Unintelligent,1,Moderately Unkind,1,Lower Low Class,0,Moderately Unintelligent,1,Somewhat Kind,3,Lower Low Class,0,Moderately Intelligent,4,Somewhat Kind,3,Upper Middle Class,3
31,18 - 24,Yes,Female,East Asian,Somewhat Intelligent,3,Somewhat Kind,3,Upper Middle Class,3,Highly Intelligent,5,Moderately Kind,4,Upper Middle Class,3,Somewhat Intelligent,3,Moderately Kind,4,Lower Middle Class,2,Moderately Intelligent,4,Somewhat Kind,3,Upper Middle Class,3,Somewhat Intelligent,3,Moderately Kind,4,Upper Middle Class,3,Moderately Intelligent,4,Somewhat Kind,3,Lower High Class,4,Somewhat Intelligent,3,Somewhat Kind,3,Lower Middle Class,2,Moderately Intelligent,4,Somewhat Kind,3,Upper Middle Class,3
32,18 - 24,Yes,Female,East Asian,Somewhat Intelligent,3,Somewhat Kind,3,Lower Middle Class,2,Somewhat Unintelligent,2,Somewhat Unkind,2,Upper Low Class,1,Somewhat Unintelligent,2,Somewhat Kind,3,Upper Low Class,1,Somewhat Intelligent,3,Somewhat Unkind,2,Lower Middle Class,2,Somewhat Unintelligent,2,Somewhat Kind,3,Lower Middle Class,2,Somewhat Intelligent,3,Somewhat Kind,3,Lower Middle Class,2,Somewhat Intelligent,3,Somewhat Kind,3,Lower Middle Class,2,Somewhat Intelligent,3,Somewhat Unkind,2,Lower Middle Class,2
33,18 - 24,Yes,Female,North African (arab) ,Somewhat Unintelligent,2,Somewhat Unkind,2,Lower Middle Class,2,Somewhat Intelligent,3,Moderately Kind,4,Lower Middle Class,2,Somewhat Intelligent,3,Somewhat Kind,3,Upper Low Class,1,Somewhat Intelligent,3,Moderately Kind,4,Upper Middle Class,3,Moderately Intelligent,4,Moderately Unkind,1,Upper Low Class,1,Highly Intelligent,5,Somewhat Kind,3,Lower Middle Class,2,Somewhat Intelligent,3,Moderately Unkind,1,Upper Low Class,1,Moderately Unintelligent,1,Somewhat Kind,3,Upper Middle Class,3
34,18 - 24,Yes,Female,East Asian,Somewhat Intelligent,3,Somewhat Unkind,2,Upper Middle Class,3,Moderately Intelligent,4,Definitely Kind,5,Lower High Class,4,Somewhat Intelligent,3,Somewhat Kind,3,Upper High Class,5,Somewhat Unintelligent,2,Moderately Kind,4,Upper Low Class,1,Moderately Unintelligent,1,Somewhat Unkind,2,Upper Middle Class,3,Somewhat Intelligent,3,Somewhat Kind,3,Lower Middle Class,2,Moderately Intelligent,4,Moderately Kind,4,Lower High Class,4,Moderately Unintelligent,1,Moderately Unkind,1,Upper High Class,5
35,18 - 24,Yes,Female,East Asian,Highly Intelligent,5,Somewhat Kind,3,Lower High Class,4,Moderately Intelligent,4,Somewhat Unkind,2,Lower High Class,4,Moderately Intelligent,4,Somewhat Unkind,2,Lower High Class,4,Somewhat Intelligent,3,Moderately Kind,4,Lower Middle Class,2,Moderately Intelligent,4,Somewhat Kind,3,Lower High Class,4,Moderately Intelligent,4,Somewhat Kind,3,Lower High Class,4,Somewhat Unintelligent,2,Somewhat Kind,3,Lower Middle Class,2,Moderately Intelligent,4,Moderately Kind,4,Upper Middle Class,3
36,18 - 24,Yes,Male,Caucasian,Moderately Intelligent,4,Somewhat Kind,3,Lower High Class,4,Somewhat Intelligent,3,Somewhat Kind,3,Upper Middle Class,3,Moderately Unintelligent,1,Moderately Kind,4,Upper Middle Class,3,Moderately Intelligent,4,Moderately Kind,4,Upper Middle Class,3,Somewhat Unintelligent,2,Somewhat Kind,3,Upper Middle Class,3,Somewhat Intelligent,3,Somewhat Kind,3,Upper Middle Class,3,Moderately Unintelligent,1,Moderately Unkind,1,Upper Middle Class,3,Somewhat Intelligent,3,Somewhat Kind,3,Upper Middle Class,3
37,18 - 24,Yes,Female,"East Asian,Southeast Asian",Moderately Intelligent,4,Not Kind At All,0,Upper High Class,5,Moderately Unintelligent,1,Moderately Kind,4,Lower Middle Class,2,Somewhat Unintelligent,2,Somewhat Kind,3,Upper Middle Class,3,Somewhat Intelligent,3,Moderately Unkind,1,Lower Middle Class,2,Somewhat Unintelligent,2,Moderately Kind,4,Lower Middle Class,2,Somewhat Unintelligent,2,Moderately Unkind,1,Upper Middle Class,3,Highly Intelligent,5,Definitely Kind,5,Lower High Class,4,Moderately Intelligent,4,Somewhat Kind,3,Lower High Class,4
38,18 - 24,Yes,Male,South Asian,Somewhat Intelligent,3,Somewhat Kind,3,Lower Middle Class,2,Somewhat Intelligent,3,Somewhat Kind,3,Lower Middle Class,2,Somewhat Intelligent,3,Somewhat Kind,3,Lower Middle Class,2,Somewhat Intelligent,3,Somewhat Kind,3,Upper Middle Class,3,Moderately Intelligent,4,Somewhat Unkind,2,Upper Middle Class,3,Moderately Intelligent,4,Somewhat Kind,3,Upper Middle Class,3,Somewhat Intelligent,3,Somewhat Kind,3,Lower Middle Class,2,Somewhat Unintelligent,2,Somewhat Kind,3,Lower Middle Class,2
39,18 - 24,Yes,Female,Southeast Asian,Somewhat Intelligent,3,Somewhat Kind,3,Upper Middle Class,3,Somewhat Intelligent,3,Somewhat Kind,3,Upper Middle Class,3,Somewhat Intelligent,3,Moderately Kind,4,Upper Middle Class,3,Somewhat Intelligent,3,Somewhat Kind,3,Upper Middle Class,3,Somewhat Unintelligent,2,Somewhat Kind,3,Lower Middle Class,2,Somewhat Intelligent,3,Somewhat Kind,3,Lower Middle Class,2,Moderately Intelligent,4,Somewhat Kind,3,Upper Middle Class,3,Somewhat Unintelligent,2,Somewhat Kind,3,Lower High Class,4
40,18 - 24,Yes,Female,South Asian,Moderately Unintelligent,1,Somewhat Unkind,2,Lower Middle Class,2,Somewhat Unintelligent,2,Somewhat Kind,3,Lower Middle Class,2,Highly Intelligent,5,Definitely Kind,5,Upper Low Class,1,Moderately Unintelligent,1,Somewhat Kind,3,Upper High Class,5,Highly Unintelligent,0,Somewhat Unkind,2,Upper Low Class,1,Moderately Intelligent,4,Somewhat Unkind,2,Lower Middle Class,2,Somewhat Intelligent,3,Somewhat Kind,3,Lower Middle Class,2,Somewhat Unintelligent,2,Definitely Kind,5,Upper Middle Class,3
41,18 - 24,Yes,Female,Caucasian,Somewhat Intelligent,3,Somewhat Kind,3,Lower Middle Class,2,Moderately Intelligent,4,Moderately Kind,4,Upper Middle Class,3,Moderately Intelligent,4,Somewhat Kind,3,Lower Middle Class,2,Somewhat Intelligent,3,Somewhat Kind,3,Upper Middle Class,3,Somewhat Unintelligent,2,Somewhat Kind,3,Lower Middle Class,2,Somewhat Unintelligent,2,Somewhat Kind,3,Lower Middle Class,2,Somewhat Intelligent,3,Somewhat Kind,3,Lower Middle Class,2,Somewhat Intelligent,3,Somewhat Kind,3,Upper Middle Class,3
42,18 - 24,Yes,Female,East Asian,Somewhat Intelligent,3,Somewhat Kind,3,Lower High Class,4,Somewhat Intelligent,3,Somewhat Kind,3,Upper Middle Class,3,Moderately Intelligent,4,Moderately Kind,4,Upper Middle Class,3,Somewhat Intelligent,3,Somewhat Kind,3,Lower Middle Class,2,Somewhat Unintelligent,2,Somewhat Kind,3,Lower Middle Class,2,Moderately Intelligent,4,Somewhat Kind,3,Lower High Class,4,Somewhat Intelligent,3,Somewhat Kind,3,Lower Middle Class,2,Somewhat Unintelligent,2,Somewhat Unkind,2,Upper Middle Class,3
43,18 - 24,Yes,Female,East Asian,Moderately Intelligent,4,Somewhat Unkind,2,Lower High Class,4,Somewhat Intelligent,3,Somewhat Kind,3,Upper Middle Class,3,Moderately Unintelligent,1,Somewhat Kind,3,Upper Low Class,1,Somewhat Unintelligent,2,Moderately Unkind,1,Upper Low Class,1,Moderately Intelligent,4,Somewhat Kind,3,Upper Middle Class,3,Highly Intelligent,5,Somewhat Kind,3,Upper High Class,5,Moderately Intelligent,4,Somewhat Kind,3,Lower High Class,4,Somewhat Intelligent,3,Somewhat Unkind,2,Lower Middle Class,2
44,18 - 24,Yes,Female,East Asian,Somewhat Intelligent,3,Somewhat Kind,3,Upper Middle Class,3,Somewhat Unintelligent,2,Moderately Kind,4,Upper Middle Class,3,Somewhat Unintelligent,2,Somewhat Kind,3,Upper Middle Class,3,Somewhat Intelligent,3,Somewhat Kind,3,Lower High Class,4,Moderately Unintelligent,1,Somewhat Unkind,2,Lower Middle Class,2,Somewhat Intelligent,3,Somewhat Kind,3,Upper Middle Class,3,Somewhat Intelligent,3,Somewhat Unkind,2,Lower Middle Class,2,Somewhat Unintelligent,2,Somewhat Unkind,2,Lower Middle Class,2
45,18 - 24,Yes,Male,East Asian,Moderately Intelligent,4,Somewhat Unkind,2,Upper Middle Class,3,Somewhat Intelligent,3,Somewhat Kind,3,Upper Middle Class,3,Somewhat Intelligent,3,Moderately Kind,4,Lower Middle Class,2,Somewhat Intelligent,3,Somewhat Kind,3,Lower Middle Class,2,Moderately Intelligent,4,Somewhat Unkind,2,Upper Middle Class,3,Somewhat Intelligent,3,Somewhat Kind,3,Upper Middle Class,3,Somewhat Intelligent,3,Moderately Kind,4,Lower Middle Class,2,Somewhat Intelligent,3,Somewhat Kind,3,Lower Middle Class,2
46,18 - 24,Yes,Female,Caucasian,Somewhat Intelligent,3,Somewhat Kind,3,Upper Middle Class,3,Moderately Intelligent,4,Somewhat Kind,3,Upper Middle Class,3,Somewhat Unintelligent,2,Somewhat Kind,3,Lower Middle Class,2,Somewhat Unintelligent,2,Somewhat Unkind,2,Lower Middle Class,2,Somewhat Unintelligent,2,Somewhat Unkind,2,Upper Low Class,1,Moderately Intelligent,4,Somewhat Unkind,2,Upper Middle Class,3,Somewhat Intelligent,3,Moderately Kind,4,Upper Middle Class,3,Somewhat Unintelligent,2,Somewhat Kind,3,Lower High Class,4
47,18 - 24,Yes,Female,Caucasian,Somewhat Intelligent,3,Moderately Unkind,1,Upper Middle Class,3,Moderately Intelligent,4,Somewhat Unkind,2,Lower Middle Class,2,Moderately Intelligent,4,Moderately Kind,4,Upper Middle Class,3,Somewhat Intelligent,3,Moderately Kind,4,Lower Middle Class,2,Somewhat Unintelligent,2,Moderately Kind,4,Upper Low Class,1,Highly Intelligent,5,Moderately Kind,4,Lower High Class,4,Highly Intelligent,5,Definitely Kind,5,Lower High Class,4,Somewhat Unintelligent,2,Somewhat Unkind,2,Upper High Class,5
48,18 - 24,Yes,Non-binary / third gender,Caucasian,Somewhat Intelligent,3,Somewhat Unkind,2,Upper Middle Class,3,Moderately Intelligent,4,Moderately Kind,4,Lower Middle Class,2,Moderately Intelligent,4,Somewhat Kind,3,Lower Middle Class,2,Somewhat Intelligent,3,Moderately Kind,4,Lower Middle Class,2,Moderately Unintelligent,1,Not Kind At All,0,Upper High Class,5,Somewhat Intelligent,3,Moderately Unkind,1,Upper Middle Class,3,Somewhat Unintelligent,2,Somewhat Kind,3,Lower High Class,4,Somewhat Intelligent,3,Somewhat Unkind,2,Upper High Class,5
49,18 - 24,Yes,Female,"Caucasian,East Asian",Somewhat Intelligent,3,Definitely Kind,5,Upper Low Class,1,Moderately Intelligent,4,Definitely Kind,5,Upper Middle Class,3,Moderately Intelligent,4,Somewhat Kind,3,Upper Low Class,1,Moderately Intelligent,4,Moderately Kind,4,Upper Middle Class,3,Somewhat Intelligent,3,Somewhat Kind,3,Upper Low Class,1,Highly Intelligent,5,Somewhat Kind,3,Lower High Class,4,Moderately Intelligent,4,Definitely Kind,5,Lower Middle Class,2,Somewhat Intelligent,3,Moderately Kind,4,Lower High Class,4
50,18 - 24,Yes,Female,Caucasian,Moderately Unintelligent,1,Moderately Kind,4,Lower High Class,4,Highly Intelligent,5,Somewhat Kind,3,Upper Low Class,1,Somewhat Intelligent,3,Moderately Kind,4,Upper Middle Class,3,Somewhat Unintelligent,2,Moderately Kind,4,Upper Middle Class,3,Moderately Intelligent,4,Definitely Kind,5,Lower Middle Class,2,Moderately Intelligent,4,Somewhat Kind,3,Lower Middle Class,2,Somewhat Intelligent,3,Definitely Kind,5,Upper Middle Class,3,Highly Unintelligent,0,Somewhat Kind,3,Upper Middle Class,3
51,18 - 24,Yes,Female,Caucasian,Somewhat Intelligent,3,Somewhat Unkind,2,Upper Middle Class,3,Somewhat Intelligent,3,Somewhat Kind,3,Lower Middle Class,2,Somewhat Intelligent,3,Somewhat Kind,3,Upper Middle Class,3,Somewhat Intelligent,3,Somewhat Kind,3,Upper Middle Class,3,Somewhat Unintelligent,2,Somewhat Unkind,2,Upper Middle Class,3,Moderately Intelligent,4,Somewhat Unkind,2,Upper Middle Class,3,Somewhat Intelligent,3,Moderately Kind,4,Upper Middle Class,3,Somewhat Unintelligent,2,Somewhat Unkind,2,Upper Middle Class,3
52,18 - 24,Yes,Prefer not to say,East Asian,Somewhat Intelligent,3,Somewhat Kind,3,Upper Middle Class,3,Somewhat Intelligent,3,Somewhat Kind,3,Upper Middle Class,3,Somewhat Intelligent,3,Somewhat Kind,3,Upper Middle Class,3,Somewhat Intelligent,3,Somewhat Kind,3,Upper Middle Class,3,Moderately Unintelligent,1,Somewhat Kind,3,Lower Middle Class,2,Somewhat Intelligent,3,Somewhat Kind,3,Upper Middle Class,3,Somewhat Intelligent,3,Somewhat Kind,3,Upper Middle Class,3,Somewhat Intelligent,3,Somewhat Kind,3,Upper Middle Class,3
53,18 - 24,Yes,Female,Southeast Asian,Moderately Intelligent,4,Moderately Kind,4,Upper High Class,5,Somewhat Intelligent,3,Somewhat Unkind,2,Upper Middle Class,3,Somewhat Intelligent,3,Somewhat Kind,3,Lower Middle Class,2,Somewhat Intelligent,3,Definitely Kind,5,Lower Middle Class,2,Somewhat Unintelligent,2,Somewhat Kind,3,Lower Middle Class,2,Somewhat Intelligent,3,Somewhat Unkind,2,Upper Middle Class,3,Somewhat Unintelligent,2,Moderately Kind,4,Lower Middle Class,2,Moderately Intelligent,4,Moderately Kind,4,Lower High Class,4
54,18 - 24,Yes,Male,Latin American,Somewhat Intelligent,3,Somewhat Kind,3,Lower High Class,4,Moderately Intelligent,4,Somewhat Kind,3,Upper Low Class,1,Moderately Intelligent,4,Moderately Unkind,1,Lower Middle Class,2,Somewhat Intelligent,3,Moderately Unkind,1,Lower Middle Class,2,Somewhat Unintelligent,2,Moderately Kind,4,Lower Middle Class,2,Somewhat Unintelligent,2,Somewhat Kind,3,Upper Middle Class,3,Moderately Intelligent,4,Somewhat Kind,3,Upper Low Class,1,Moderately Intelligent,4,Moderately Kind,4,Upper Low Class,1
55,18 - 24,Yes,Female,East Asian,Moderately Intelligent,4,Moderately Unkind,1,Upper Middle Class,3,Somewhat Unintelligent,2,Somewhat Unkind,2,Lower Middle Class,2,Somewhat Intelligent,3,Moderately Kind,4,Lower Middle Class,2,Somewhat Unintelligent,2,Somewhat Kind,3,Lower Middle Class,2,Moderately Intelligent,4,Moderately Kind,4,Lower Middle Class,2,Highly Intelligent,5,Somewhat Unkind,2,Lower Middle Class,2,Moderately Intelligent,4,Definitely Kind,5,Lower Middle Class,2,Somewhat Intelligent,3,Somewhat Kind,3,Lower High Class,4
56,18 - 24,Yes,Male,East Asian,Somewhat Unintelligent,2,Somewhat Kind,3,Lower Middle Class,2,Somewhat Unintelligent,2,Somewhat Kind,3,Upper Middle Class,3,Somewhat Unintelligent,2,Moderately Kind,4,Lower Middle Class,2,Somewhat Unintelligent,2,Somewhat Unkind,2,Lower Middle Class,2,Moderately Unintelligent,1,Somewhat Kind,3,Upper Low Class,1,Highly Unintelligent,0,Somewhat Unkind,2,Upper Middle Class,3,Somewhat Intelligent,3,Definitely Kind,5,Lower Middle Class,2,Somewhat Intelligent,3,Somewhat Unkind,2,Lower Middle Class,2
57,18 - 24,Yes,Female,East Asian,Highly Intelligent,5,Moderately Kind,4,Lower Middle Class,2,Highly Intelligent,5,Definitely Kind,5,Lower Middle Class,2,Moderately Intelligent,4,Moderately Kind,4,Lower Middle Class,2,Moderately Intelligent,4,Moderately Kind,4,Upper Low Class,1,Moderately Intelligent,4,Somewhat Kind,3,Upper Low Class,1,Moderately Intelligent,4,Moderately Kind,4,Lower High Class,4,Highly Intelligent,5,Moderately Kind,4,Lower Middle Class,2,Moderately Intelligent,4,Moderately Kind,4,Upper Middle Class,3
58,18 - 24,Yes,Female,East Asian,Somewhat Intelligent,3,Somewhat Unkind,2,Upper Middle Class,3,Highly Intelligent,5,Moderately Kind,4,Lower High Class,4,Highly Intelligent,5,Moderately Kind,4,Lower High Class,4,Somewhat Intelligent,3,Somewhat Kind,3,Upper Middle Class,3,Somewhat Unintelligent,2,Somewhat Kind,3,Upper Middle Class,3,Moderately Intelligent,4,Moderately Kind,4,Lower High Class,4,Somewhat Unintelligent,2,Moderately Kind,4,Lower Middle Class,2,Somewhat Intelligent,3,Somewhat Kind,3,Lower Middle Class,2
59,18 - 24,Yes,Female,East Asian,Highly Intelligent,5,Somewhat Unkind,2,Lower High Class,4,Highly Intelligent,5,Definitely Kind,5,Upper Middle Class,3,Moderately Intelligent,4,Definitely Kind,5,Upper Middle Class,3,Moderately Intelligent,4,Moderately Kind,4,Upper Middle Class,3,Moderately Intelligent,4,Moderately Unkind,1,Lower Middle Class,2,Moderately Intelligent,4,Moderately Kind,4,Lower Middle Class,2,Somewhat Intelligent,3,Definitely Kind,5,Upper Middle Class,3,Moderately Intelligent,4,Somewhat Unkind,2,Upper Middle Class,3
60,18 - 24,Yes,Female,East Asian,Moderately Intelligent,4,Somewhat Unkind,2,Upper Middle Class,3,Moderately Intelligent,4,Somewhat Unkind,2,Upper High Class,5,Somewhat Intelligent,3,Moderately Kind,4,Lower Middle Class,2,Somewhat Intelligent,3,Moderately Kind,4,Lower Middle Class,2,Somewhat Intelligent,3,Somewhat Kind,3,Upper Middle Class,3,Moderately Intelligent,4,Moderately Kind,4,Lower High Class,4,Moderately Intelligent,4,Moderately Kind,4,Lower High Class,4,Moderately Intelligent,4,Somewhat Unkind,2,Lower Middle Class,2
61,18 - 24,Yes,Female,Caucasian,Somewhat Intelligent,3,Moderately Kind,4,Lower High Class,4,Highly Intelligent,5,Moderately Kind,4,Upper Middle Class,3,Moderately Intelligent,4,Moderately Kind,4,Lower High Class,4,Moderately Intelligent,4,Somewhat Kind,3,Upper Middle Class,3,Somewhat Unintelligent,2,Somewhat Kind,3,Upper Low Class,1,Somewhat Intelligent,3,Somewhat Unkind,2,Upper Middle Class,3,Moderately Intelligent,4,Moderately Kind,4,Upper Middle Class,3,Somewhat Unintelligent,2,Somewhat Unkind,2,Upper Low Class,1
62,18 - 24,Yes,Male,East Asian,Somewhat Intelligent,3,Moderately Kind,4,Upper Middle Class,3,Somewhat Intelligent,3,Moderately Unkind,1,Lower Middle Class,2,Moderately Intelligent,4,Somewhat Kind,3,Upper Middle Class,3,Moderately Intelligent,4,Moderately Kind,4,Upper Middle Class,3,Somewhat Intelligent,3,Somewhat Kind,3,Lower Middle Class,2,Somewhat Unintelligent,2,Somewhat Kind,3,Upper Middle Class,3,Somewhat Unintelligent,2,Somewhat Kind,3,Upper Middle Class,3,Moderately Unintelligent,1,Moderately Unkind,1,Lower High Class,4
63,18 - 24,Yes,Male,East Asian,Somewhat Unintelligent,2,Moderately Kind,4,Upper Middle Class,3,Somewhat Intelligent,3,Moderately Kind,4,Upper Middle Class,3,Somewhat Unintelligent,2,Somewhat Unkind,2,Lower Middle Class,2,Somewhat Unintelligent,2,Somewhat Kind,3,Lower Middle Class,2,Somewhat Intelligent,3,Moderately Kind,4,Upper Middle Class,3,Somewhat Unintelligent,2,Somewhat Unkind,2,Lower Middle Class,2,Moderately Intelligent,4,Moderately Kind,4,Lower High Class,4,Moderately Intelligent,4,Moderately Kind,4,Upper Middle Class,3
64,18 - 24,Yes,Male,East Asian,Somewhat Intelligent,3,Moderately Kind,4,Upper Middle Class,3,Moderately Intelligent,4,Somewhat Kind,3,Upper Middle Class,3,Somewhat Intelligent,3,Somewhat Unkind,2,Lower Middle Class,2,Moderately Unintelligent,1,Moderately Unkind,1,Lower Middle Class,2,Moderately Unintelligent,1,Somewhat Unkind,2,Lower Middle Class,2,Somewhat Unintelligent,2,Somewhat Unkind,2,Lower Middle Class,2,Moderately Intelligent,4,Moderately Kind,4,Upper Middle Class,3,Moderately Intelligent,4,Somewhat Unkind,2,Upper Middle Class,3
65,18 - 24,Yes,Female,East Asian,Somewhat Unintelligent,2,Somewhat Unkind,2,Upper Middle Class,3,Moderately Intelligent,4,Moderately Kind,4,Upper Middle Class,3,Somewhat Intelligent,3,Somewhat Kind,3,Upper Middle Class,3,Somewhat Intelligent,3,Somewhat Kind,3,Upper High Class,5,Somewhat Intelligent,3,Somewhat Kind,3,Upper Middle Class,3,Moderately Intelligent,4,Somewhat Kind,3,Lower High Class,4,Highly Intelligent,5,Moderately Kind,4,Upper High Class,5,Somewhat Intelligent,3,Somewhat Kind,3,Lower High Class,4
66,18 - 24,Yes,Male,"Caucasian,Latin American",Moderately Intelligent,4,Moderately Kind,4,Upper Middle Class,3,Somewhat Intelligent,3,Somewhat Unkind,2,Upper High Class,5,Highly Intelligent,5,Definitely Kind,5,Upper Middle Class,3,Moderately Unintelligent,1,Not Kind At All,0,Upper High Class,5,Somewhat Intelligent,3,Somewhat Unkind,2,Lower Middle Class,2,Somewhat Intelligent,3,Moderately Unkind,1,Upper Middle Class,3,Somewhat Intelligent,3,Somewhat Kind,3,Upper Middle Class,3,Moderately Intelligent,4,Moderately Kind,4,Lower High Class,4
67,18 - 24,Yes,Female,East Asian,Somewhat Intelligent,3,Somewhat Unkind,2,Lower High Class,4,Moderately Intelligent,4,Somewhat Kind,3,Upper Middle Class,3,Somewhat Intelligent,3,Moderately Kind,4,Upper Middle Class,3,Somewhat Intelligent,3,Moderately Kind,4,Upper Middle Class,3,Somewhat Unintelligent,2,Somewhat Unkind,2,Lower Middle Class,2,Moderately Intelligent,4,Somewhat Kind,3,Upper Middle Class,3,Moderately Intelligent,4,Somewhat Kind,3,Lower High Class,4,Somewhat Unintelligent,2,Somewhat Kind,3,Lower Middle Class,2
68,18 - 24,Yes,Female,"East Asian,Southeast Asian",Somewhat Intelligent,3,Moderately Kind,4,Upper Middle Class,3,Somewhat Intelligent,3,Somewhat Unkind,2,Lower Middle Class,2,Somewhat Intelligent,3,Somewhat Kind,3,Lower Middle Class,2,Somewhat Intelligent,3,Moderately Kind,4,Lower Middle Class,2,Somewhat Unintelligent,2,Somewhat Unkind,2,Lower Middle Class,2,Moderately Intelligent,4,Moderately Unkind,1,Upper Middle Class,3,Moderately Intelligent,4,Somewhat Kind,3,Lower Middle Class,2,Somewhat Unintelligent,2,Somewhat Unkind,2,Upper High Class,5
69,18 - 24,Yes,Female,East Asian,Moderately Intelligent,4,Somewhat Unkind,2,Lower High Class,4,Somewhat Intelligent,3,Moderately Kind,4,Upper Middle Class,3,Somewhat Intelligent,3,Moderately Kind,4,Lower Middle Class,2,Moderately Intelligent,4,Somewhat Kind,3,Upper Middle Class,3,Somewhat Unintelligent,2,Somewhat Kind,3,Lower Middle Class,2,Moderately Intelligent,4,Somewhat Unkind,2,Upper Middle Class,3,Somewhat Intelligent,3,Somewhat Kind,3,Upper Middle Class,3,Somewhat Intelligent,3,Somewhat Kind,3,Lower Middle Class,2
70,18 - 24,Yes,Female,East Asian,Moderately Intelligent,4,Somewhat Kind,3,Upper Middle Class,3,Somewhat Unintelligent,2,Somewhat Unkind,2,Lower Middle Class,2,Moderately Intelligent,4,Somewhat Unkind,2,Lower High Class,4,Somewhat Unintelligent,2,Somewhat Unkind,2,Lower Middle Class,2,Somewhat Intelligent,3,Moderately Kind,4,Lower Middle Class,2,Moderately Intelligent,4,Definitely Kind,5,Lower High Class,4,Moderately Intelligent,4,Moderately Kind,4,Lower High Class,4,Somewhat Unintelligent,2,Moderately Unkind,1,Upper Low Class,1
71,18 - 24,Yes,Female,Southeast Asian,Moderately Intelligent,4,Somewhat Kind,3,Lower Middle Class,2,Somewhat Intelligent,3,Moderately Kind,4,Upper Low Class,1,Somewhat Intelligent,3,Somewhat Kind,3,Upper Low Class,1,Somewhat Intelligent,3,Somewhat Kind,3,Lower Middle Class,2,Somewhat Intelligent,3,Somewhat Kind,3,Upper Low Class,1,Somewhat Intelligent,3,Somewhat Unkind,2,Upper Low Class,1,Moderately Intelligent,4,Somewhat Kind,3,Upper Low Class,1,Somewhat Intelligent,3,Somewhat Unkind,2,Upper Low Class,1
72,18 - 24,Yes,Female,Caucasian,Moderately Intelligent,4,Moderately Kind,4,Lower Middle Class,2,Highly Intelligent,5,Somewhat Kind,3,Upper Middle Class,3,Somewhat Intelligent,3,Somewhat Kind,3,Upper Middle Class,3,Moderately Intelligent,4,Somewhat Unkind,2,Lower Middle Class,2,Somewhat Unintelligent,2,Somewhat Kind,3,Lower Middle Class,2,Highly Intelligent,5,Somewhat Unkind,2,Lower Middle Class,2,Moderately Intelligent,4,Definitely Kind,5,Upper Middle Class,3,Moderately Intelligent,4,Somewhat Unkind,2,Lower Middle Class,2
73,18 - 24,Yes,Male,East Asian,Highly Unintelligent,0,Not Kind At All,0,Lower Low Class,0,Moderately Unintelligent,1,Moderately Unkind,1,Upper Low Class,1,Moderately Unintelligent,1,Moderately Unkind,1,Upper Low Class,1,Moderately Unintelligent,1,Moderately Unkind,1,Upper Low Class,1,Somewhat Unintelligent,2,Moderately Unkind,1,Upper Low Class,1,Moderately Unintelligent,1,Moderately Unkind,1,Upper Low Class,1,Moderately Unintelligent,1,Moderately Unkind,1,Upper Low Class,1,Somewhat Unintelligent,2,Somewhat Unkind,2,Upper Low Class,1
74,18 - 24,Yes,Female,East Asian,Somewhat Intelligent,3,Somewhat Unkind,2,Upper Low Class,1,Somewhat Intelligent,3,Somewhat Kind,3,Lower Middle Class,2,Moderately Intelligent,4,Somewhat Unkind,2,Upper Low Class,1,Somewhat Intelligent,3,Somewhat Kind,3,Upper Low Class,1,Moderately Unintelligent,1,Somewhat Unkind,2,Upper Middle Class,3,Moderately Intelligent,4,Somewhat Kind,3,Lower Middle Class,2,Somewhat Unintelligent,2,Somewhat Unkind,2,Upper Middle Class,3,Moderately Unintelligent,1,Somewhat Kind,3,Lower Middle Class,2
75,18 - 24,Yes,Female,East Asian,Somewhat Unintelligent,2,Somewhat Unkind,2,Upper Low Class,1,Moderately Intelligent,4,Somewhat Kind,3,Upper Middle Class,3,Somewhat Unintelligent,2,Somewhat Unkind,2,Lower Middle Class,2,Somewhat Unintelligent,2,Somewhat Unkind,2,Lower Middle Class,2,Somewhat Unintelligent,2,Somewhat Unkind,2,Lower Middle Class,2,Somewhat Intelligent,3,Not Kind At All,0,Upper Low Class,1,Moderately Intelligent,4,Somewhat Unkind,2,Upper Middle Class,3,Somewhat Unintelligent,2,Somewhat Kind,3,Upper High Class,5
76,18 - 24,Yes,Male,East Asian,Moderately Intelligent,4,Somewhat Unkind,2,Upper Middle Class,3,Somewhat Unintelligent,2,Moderately Kind,4,Upper Middle Class,3,Somewhat Intelligent,3,Somewhat Kind,3,Upper Middle Class,3,Somewhat Intelligent,3,Somewhat Unkind,2,Upper Middle Class,3,Moderately Unintelligent,1,Somewhat Kind,3,Upper Low Class,1,Moderately Intelligent,4,Moderately Unkind,1,Lower High Class,4,Somewhat Intelligent,3,Somewhat Kind,3,Lower High Class,4,Somewhat Unintelligent,2,Somewhat Unkind,2,Upper Middle Class,3
77,18 - 24,Yes,Female,Caucasian,Somewhat Intelligent,3,Somewhat Unkind,2,Upper Middle Class,3,Somewhat Intelligent,3,Moderately Kind,4,Upper Middle Class,3,Somewhat Intelligent,3,Definitely Kind,5,Upper Middle Class,3,Somewhat Intelligent,3,Definitely Kind,5,Lower High Class,4,Somewhat Unintelligent,2,Somewhat Kind,3,Lower Middle Class,2,Somewhat Unintelligent,2,Somewhat Unkind,2,Lower Middle Class,2,Somewhat Intelligent,3,Definitely Kind,5,Lower Middle Class,2,Somewhat Intelligent,3,Somewhat Kind,3,Upper High Class,5
78,18 - 24,Yes,Female,Caucasian,Moderately Intelligent,4,Moderately Kind,4,Upper Middle Class,3,Moderately Intelligent,4,Moderately Kind,4,Upper Middle Class,3,Moderately Intelligent,4,Definitely Kind,5,Upper Middle Class,3,Moderately Intelligent,4,Somewhat Unkind,2,Upper Middle Class,3,Somewhat Unintelligent,2,Somewhat Kind,3,Lower Middle Class,2,Moderately Intelligent,4,Moderately Unkind,1,Lower Middle Class,2,Somewhat Intelligent,3,Moderately Kind,4,Lower High Class,4,Somewhat Unintelligent,2,Somewhat Unkind,2,Upper Middle Class,3
80,18 - 24,Yes,Male,South Asian,Somewhat Intelligent,3,Somewhat Kind,3,Upper Middle Class,3,Somewhat Intelligent,3,Somewhat Kind,3,Upper Middle Class,3,Somewhat Intelligent,3,Somewhat Kind,3,Upper Middle Class,3,Somewhat Unintelligent,2,Somewhat Kind,3,Lower Middle Class,2,Somewhat Intelligent,3,Somewhat Kind,3,Lower Middle Class,2,Somewhat Intelligent,3,Somewhat Unkind,2,Lower Middle Class,2,Somewhat Intelligent,3,Somewhat Kind,3,Upper Middle Class,3,Somewhat Intelligent,3,Somewhat Kind,3,Upper Middle Class,3
81,18 - 24,Yes,Female,Latin American,Highly Intelligent,5,Somewhat Unkind,2,Lower High Class,4,Moderately Intelligent,4,Definitely Kind,5,Lower Middle Class,2,Highly Intelligent,5,Somewhat Unkind,2,Upper Middle Class,3,Somewhat Intelligent,3,Moderately Unkind,1,Lower Middle Class,2,Somewhat Unintelligent,2,Moderately Unkind,1,Lower Middle Class,2,Somewhat Unintelligent,2,Not Kind At All,0,Lower Middle Class,2,Somewhat Unintelligent,2,Moderately Kind,4,Lower Middle Class,2,Somewhat Intelligent,3,Somewhat Unkind,2,Upper High Class,5
82,18 - 24,Yes,Female,East Asian,Somewhat Unintelligent,2,Somewhat Kind,3,Lower Middle Class,2,Somewhat Intelligent,3,Somewhat Kind,3,Lower Middle Class,2,Moderately Unintelligent,1,Somewhat Unkind,2,Upper Low Class,1,Somewhat Intelligent,3,Somewhat Kind,3,Lower Middle Class,2,Somewhat Unintelligent,2,Somewhat Kind,3,Upper Low Class,1,Somewhat Intelligent,3,Somewhat Unkind,2,Upper Low Class,1,Moderately Unintelligent,1,Moderately Kind,4,Lower Middle Class,2,Somewhat Intelligent,3,Somewhat Kind,3,Upper Low Class,1
83,18 - 24,Yes,Female,Caucasian,Moderately Intelligent,4,Moderately Kind,4,Upper Middle Class,3,Moderately Intelligent,4,Definitely Kind,5,Lower High Class,4,Highly Intelligent,5,Definitely Kind,5,Lower High Class,4,Moderately Intelligent,4,Definitely Kind,5,Lower High Class,4,Somewhat Intelligent,3,Somewhat Kind,3,Upper Middle Class,3,Moderately Intelligent,4,Somewhat Kind,3,Upper Middle Class,3,Highly Intelligent,5,Somewhat Kind,3,Lower High Class,4,Moderately Intelligent,4,Somewhat Kind,3,Lower High Class,4
84,18 - 24,Yes,Female,East Asian,Moderately Intelligent,4,Moderately Kind,4,Upper Middle Class,3,Moderately Intelligent,4,Moderately Kind,4,Upper Middle Class,3,Somewhat Unintelligent,2,Moderately Kind,4,Lower Middle Class,2,Highly Intelligent,5,Moderately Kind,4,Upper Middle Class,3,Somewhat Unintelligent,2,Somewhat Kind,3,Upper Low Class,1,Somewhat Unintelligent,2,Moderately Unkind,1,Upper Low Class,1,Somewhat Intelligent,3,Somewhat Kind,3,Upper Middle Class,3,Somewhat Unintelligent,2,Somewhat Unkind,2,Upper Middle Class,3
85,18 - 24,Yes,Female,"Caucasian,East Asian",Moderately Intelligent,4,Moderately Kind,4,Lower Middle Class,2,Somewhat Intelligent,3,Somewhat Unkind,2,Upper Middle Class,3,Somewhat Intelligent,3,Somewhat Kind,3,Lower Middle Class,2,Somewhat Intelligent,3,Not Kind At All,0,Lower Middle Class,2,Somewhat Unintelligent,2,Somewhat Kind,3,Lower Middle Class,2,Moderately Intelligent,4,Moderately Unkind,1,Lower Middle Class,2,Somewhat Intelligent,3,Definitely Kind,5,Lower High Class,4,Moderately Unintelligent,1,Somewhat Unkind,2,Upper Middle Class,3
86,18 - 24,Yes,Female,East Asian,Somewhat Intelligent,3,Somewhat Kind,3,Lower High Class,4,Moderately Intelligent,4,Moderately Kind,4,Lower High Class,4,Moderately Intelligent,4,Moderately Kind,4,Lower High Class,4,Moderately Intelligent,4,Somewhat Kind,3,Upper Middle Class,3,Somewhat Unintelligent,2,Somewhat Kind,3,Upper Middle Class,3,Moderately Intelligent,4,Somewhat Kind,3,Lower High Class,4,Moderately Intelligent,4,Moderately Kind,4,Lower High Class,4,Somewhat Intelligent,3,Somewhat Kind,3,Upper High Class,5
87,18 - 24,Yes,Female,Caucasian,Somewhat Unintelligent,2,Definitely Kind,5,Lower Middle Class,2,Somewhat Intelligent,3,Definitely Kind,5,Lower High Class,4,Moderately Intelligent,4,Definitely Kind,5,Upper Middle Class,3,Moderately Unintelligent,1,Somewhat Unkind,2,Upper Middle Class,3,Somewhat Intelligent,3,Moderately Kind,4,Lower Middle Class,2,Highly Intelligent,5,Somewhat Kind,3,Upper Middle Class,3,Highly Intelligent,5,Moderately Kind,4,Upper Middle Class,3,Somewhat Unintelligent,2,Somewhat Unkind,2,Lower Middle Class,2
88,18 - 24,Yes,Male,East Asian,Somewhat Intelligent,3,Moderately Unkind,1,Lower Middle Class,2,Moderately Intelligent,4,Somewhat Unkind,2,Upper Middle Class,3,Moderately Intelligent,4,Moderately Kind,4,Upper Middle Class,3,Somewhat Intelligent,3,Somewhat Unkind,2,Upper Middle Class,3,Somewhat Intelligent,3,Somewhat Kind,3,Upper Middle Class,3,Highly Intelligent,5,Somewhat Unkind,2,Upper Middle Class,3,Somewhat Intelligent,3,Somewhat Kind,3,Upper Middle Class,3,Somewhat Intelligent,3,Somewhat Unkind,2,Upper Middle Class,3
89,18 - 24,Yes,Female,Caucasian,Moderately Intelligent,4,Somewhat Kind,3,Upper Middle Class,3,Moderately Intelligent,4,Somewhat Unkind,2,Upper Middle Class,3,Moderately Intelligent,4,Somewhat Kind,3,Upper Middle Class,3,Moderately Intelligent,4,Somewhat Kind,3,Lower High Class,4,Moderately Intelligent,4,Somewhat Unkind,2,Lower Middle Class,2,Somewhat Intelligent,3,Somewhat Kind,3,Upper Middle Class,3,Moderately Intelligent,4,Somewhat Unkind,2,Upper Middle Class,3,Somewhat Unintelligent,2,Somewhat Unkind,2,Lower Middle Class,2
90,18 - 24,Yes,Female,East Asian,Somewhat Unintelligent,2,Somewhat Kind,3,Upper Low Class,1,Somewhat Intelligent,3,Somewhat Kind,3,Upper Middle Class,3,Somewhat Intelligent,3,Moderately Kind,4,Lower Middle Class,2,Moderately Intelligent,4,Somewhat Kind,3,Upper Middle Class,3,Somewhat Unintelligent,2,Somewhat Kind,3,Lower Middle Class,2,Somewhat Intelligent,3,Somewhat Kind,3,Lower Middle Class,2,Somewhat Intelligent,3,Somewhat Kind,3,Lower Middle Class,2,Somewhat Intelligent,3,Somewhat Kind,3,Lower Middle Class,2
91,18 - 24,Yes,Female,Caucasian,Moderately Intelligent,4,Moderately Kind,4,Lower Middle Class,2,Moderately Intelligent,4,Moderately Kind,4,Upper Middle Class,3,Highly Unintelligent,0,Somewhat Kind,3,Lower Middle Class,2,Moderately Intelligent,4,Moderately Kind,4,Upper Middle Class,3,Moderately Intelligent,4,Moderately Kind,4,Upper Middle Class,3,Moderately Intelligent,4,Moderately Kind,4,Upper Middle Class,3,Moderately Intelligent,4,Moderately Kind,4,Lower Middle Class,2,Moderately Intelligent,4,Moderately Kind,4,Upper Middle Class,3
92,18 - 24,Yes,Female,East Asian,Somewhat Intelligent,3,Somewhat Kind,3,Upper Middle Class,3,Moderately Intelligent,4,Moderately Kind,4,Lower High Class,4,Somewhat Intelligent,3,Moderately Kind,4,Lower Middle Class,2,Somewhat Intelligent,3,Moderately Kind,4,Upper Middle Class,3,Moderately Intelligent,4,Moderately Kind,4,Upper Middle Class,3,Moderately Intelligent,4,Moderately Kind,4,Upper Middle Class,3,Moderately Intelligent,4,Moderately Kind,4,Upper Middle Class,3,Moderately Intelligent,4,Somewhat Kind,3,Lower High Class,4
93,18 - 24,Yes,Female,East Asian,Somewhat Unintelligent,2,Somewhat Kind,3,Lower Middle Class,2,Somewhat Intelligent,3,Somewhat Kind,3,Upper Middle Class,3,Moderately Unintelligent,1,Moderately Kind,4,Lower Middle Class,2,Moderately Intelligent,4,Moderately Kind,4,Lower Middle Class,2,Moderately Unintelligent,1,Moderately Unkind,1,Upper Middle Class,3,Somewhat Unintelligent,2,Somewhat Kind,3,Lower Middle Class,2,Somewhat Unintelligent,2,Somewhat Unkind,2,Upper Middle Class,3,Somewhat Unintelligent,2,Not Kind At All,0,Upper Middle Class,3
94,18 - 24,Yes,Female,East Asian,Somewhat Unintelligent,2,Moderately Unkind,1,Upper Middle Class,3,Moderately Intelligent,4,Moderately Kind,4,Upper Middle Class,3,Somewhat Intelligent,3,Somewhat Kind,3,Lower Middle Class,2,Somewhat Intelligent,3,Somewhat Unkind,2,Lower High Class,4,Somewhat Intelligent,3,Moderately Kind,4,Lower Middle Class,2,Somewhat Intelligent,3,Somewhat Kind,3,Lower Middle Class,2,Moderately Intelligent,4,Somewhat Unkind,2,Lower Middle Class,2,Moderately Intelligent,4,Somewhat Unkind,2,Upper Middle Class,3
95,18 - 24,Yes,Female,Middle Eastern,Highly Intelligent,5,Moderately Kind,4,Lower High Class,4,Highly Intelligent,5,Somewhat Kind,3,Lower High Class,4,Moderately Intelligent,4,Definitely Kind,5,Lower Middle Class,2,Highly Intelligent,5,Somewhat Kind,3,Upper High Class,5,Moderately Intelligent,4,Somewhat Kind,3,Lower Middle Class,2,Somewhat Intelligent,3,Somewhat Unkind,2,Upper Middle Class,3,Moderately Intelligent,4,Definitely Kind,5,Upper High Class,5,Somewhat Intelligent,3,Somewhat Kind,3,Lower Middle Class,2
96,18 - 24,Yes,Female,East Asian,Somewhat Unintelligent,2,Somewhat Unkind,2,Upper Low Class,1,Somewhat Unintelligent,2,Somewhat Kind,3,Lower Middle Class,2,Somewhat Unintelligent,2,Somewhat Unkind,2,Lower Middle Class,2,Somewhat Unintelligent,2,Somewhat Kind,3,Upper Middle Class,3,Somewhat Unintelligent,2,Somewhat Kind,3,Lower Middle Class,2,Somewhat Unintelligent,2,Moderately Unkind,1,Lower Middle Class,2,Moderately Unintelligent,1,Somewhat Unkind,2,Upper Low Class,1,Somewhat Intelligent,3,Moderately Unkind,1,Lower Middle Class,2
97,18 - 24,Yes,Female,Middle Eastern,Somewhat Intelligent,3,Somewhat Kind,3,Upper Middle Class,3,Somewhat Intelligent,3,Somewhat Kind,3,Lower Middle Class,2,Moderately Intelligent,4,Moderately Kind,4,Lower Middle Class,2,Somewhat Intelligent,3,Moderately Kind,4,Upper Middle Class,3,Somewhat Intelligent,3,Somewhat Kind,3,Lower Middle Class,2,Somewhat Intelligent,3,Somewhat Kind,3,Lower High Class,4,Somewhat Intelligent,3,Moderately Kind,4,Upper Middle Class,3,Somewhat Intelligent,3,Somewhat Kind,3,Lower High Class,4
98,18 - 24,Yes,Female,Caucasian,Moderately Intelligent,4,Somewhat Kind,3,Lower Middle Class,2,Moderately Intelligent,4,Moderately Kind,4,Upper Middle Class,3,Somewhat Intelligent,3,Not Kind At All,0,Upper Middle Class,3,Somewhat Unintelligent,2,Somewhat Kind,3,Upper Middle Class,3,Highly Unintelligent,0,Definitely Kind,5,Lower Middle Class,2,Moderately Unintelligent,1,Somewhat Unkind,2,Upper High Class,5,Moderately Intelligent,4,Somewhat Kind,3,Upper Middle Class,3,Somewhat Intelligent,3,Moderately Unkind,1,Lower High Class,4
99,18 - 24,Yes,Female,East Asian,Somewhat Intelligent,3,Somewhat Unkind,2,Lower Middle Class,2,Highly Intelligent,5,Moderately Unkind,1,Lower Middle Class,2,Somewhat Intelligent,3,Not Kind At All,0,Upper Middle Class,3,Somewhat Intelligent,3,Moderately Unkind,1,Lower Middle Class,2,Moderately Unintelligent,1,Definitely Kind,5,Lower Middle Class,2,Somewhat Unintelligent,2,Moderately Unkind,1,Upper Low Class,1,Somewhat Unintelligent,2,Somewhat Unkind,2,Upper Middle Class,3,Somewhat Intelligent,3,Somewhat Unkind,2,Upper Middle Class,3
100,18 - 24,Yes,Female,Middle Eastern,Moderately Intelligent,4,Somewhat Kind,3,Upper Low Class,1,Somewhat Intelligent,3,Moderately Kind,4,Lower High Class,4,Moderately Intelligent,4,Moderately Kind,4,Lower High Class,4,Somewhat Intelligent,3,Moderately Kind,4,Lower High Class,4,Moderately Intelligent,4,Moderately Kind,4,Lower High Class,4,Highly Intelligent,5,Somewhat Kind,3,Lower Middle Class,2,Moderately Intelligent,4,Definitely Kind,5,Lower High Class,4,Moderately Intelligent,4,Somewhat Kind,3,Upper Low Class,1
101,18 - 24,Yes,Female,Caucasian,Moderately Intelligent,4,Somewhat Kind,3,Lower Middle Class,2,Somewhat Unintelligent,2,Definitely Kind,5,Upper Middle Class,3,Highly Intelligent,5,Somewhat Kind,3,Upper Middle Class,3,Moderately Intelligent,4,Moderately Kind,4,Upper Low Class,1,Somewhat Unintelligent,2,Somewhat Unkind,2,Upper Low Class,1,Highly Intelligent,5,Somewhat Kind,3,Lower High Class,4,Somewhat Intelligent,3,Moderately Kind,4,Upper Low Class,1,Moderately Intelligent,4,Moderately Unkind,1,Upper Middle Class,3
102,18 - 24,Yes,Female,"Caucasian,East Asian",Somewhat Intelligent,3,Somewhat Kind,3,Upper Middle Class,3,Highly Intelligent,5,Definitely Kind,5,Upper High Class,5,Highly Intelligent,5,Somewhat Kind,3,Upper Middle Class,3,Highly Intelligent,5,Definitely Kind,5,Lower High Class,4,Moderately Intelligent,4,Somewhat Unkind,2,Upper Low Class,1,Somewhat Intelligent,3,Somewhat Kind,3,Lower Middle Class,2,Somewhat Intelligent,3,Somewhat Kind,3,Upper Middle Class,3,Moderately Unintelligent,1,Moderately Unkind,1,Lower High Class,4
103,18 - 24,Yes,Female,Caucasian,Moderately Intelligent,4,Moderately Kind,4,Upper Middle Class,3,Somewhat Unintelligent,2,Somewhat Unkind,2,Upper Middle Class,3,Somewhat Intelligent,3,Somewhat Kind,3,Upper Middle Class,3,Somewhat Intelligent,3,Moderately Unkind,1,Lower Middle Class,2,Moderately Intelligent,4,Moderately Unkind,1,Lower Middle Class,2,Highly Intelligent,5,Moderately Kind,4,Upper Middle Class,3,Moderately Intelligent,4,Moderately Unkind,1,Lower Middle Class,2,Somewhat Unintelligent,2,Somewhat Unkind,2,Lower High Class,4
104,18 - 24,Yes,Female,Caucasian,Moderately Intelligent,4,Moderately Kind,4,Upper Middle Class,3,Moderately Intelligent,4,Moderately Kind,4,Upper Middle Class,3,Moderately Intelligent,4,Moderately Kind,4,Upper Middle Class,3,Somewhat Intelligent,3,Moderately Kind,4,Lower Middle Class,2,Moderately Intelligent,4,Moderately Kind,4,Upper Middle Class,3,Moderately Intelligent,4,Somewhat Kind,3,Upper Middle Class,3,Moderately Intelligent,4,Moderately Kind,4,Upper Middle Class,3,Moderately Intelligent,4,Moderately Kind,4,Upper Middle Class,3
105,18 - 24,Yes,Female,East Asian,Somewhat Intelligent,3,Somewhat Kind,3,Lower High Class,4,Moderately Intelligent,4,Somewhat Kind,3,Upper Middle Class,3,Somewhat Intelligent,3,Somewhat Kind,3,Upper Middle Class,3,Somewhat Unintelligent,2,Somewhat Kind,3,Lower Middle Class,2,Somewhat Intelligent,3,Moderately Kind,4,Upper Low Class,1,Somewhat Intelligent,3,Somewhat Kind,3,Upper Middle Class,3,Somewhat Intelligent,3,Moderately Kind,4,Upper Middle Class,3,Somewhat Intelligent,3,Somewhat Unkind,2,Lower High Class,4
106,18 - 24,Yes,Female,East Asian,Somewhat Unintelligent,2,Moderately Unkind,1,Lower High Class,4,Somewhat Intelligent,3,Somewhat Kind,3,Lower Middle Class,2,Somewhat Intelligent,3,Somewhat Unkind,2,Upper Middle Class,3,Somewhat Intelligent,3,Somewhat Kind,3,Upper Middle Class,3,Somewhat Intelligent,3,Somewhat Unkind,2,Lower Middle Class,2,Somewhat Unintelligent,2,Somewhat Unkind,2,Lower Middle Class,2,Somewhat Intelligent,3,Somewhat Kind,3,Upper Middle Class,3,Somewhat Unintelligent,2,Somewhat Unkind,2,Lower Middle Class,2
107,18 - 24,Yes,Female,East Asian,Somewhat Intelligent,3,Somewhat Unkind,2,Upper Middle Class,3,Moderately Intelligent,4,Moderately Kind,4,Upper Middle Class,3,Somewhat Intelligent,3,Definitely Kind,5,Upper Middle Class,3,Somewhat Intelligent,3,Somewhat Kind,3,Upper Middle Class,3,Somewhat Unintelligent,2,Moderately Kind,4,Lower Middle Class,2,Moderately Intelligent,4,Moderately Unkind,1,Lower Middle Class,2,Somewhat Unintelligent,2,Moderately Kind,4,Lower Middle Class,2,Somewhat Intelligent,3,Somewhat Unkind,2,Upper Middle Class,3
108,18 - 24,Yes,Female,East Asian,Somewhat Unintelligent,2,Somewhat Unkind,2,Lower Middle Class,2,Somewhat Intelligent,3,Somewhat Kind,3,Upper Middle Class,3,Somewhat Intelligent,3,Somewhat Kind,3,Lower Middle Class,2,Somewhat Intelligent,3,Somewhat Unkind,2,Upper Middle Class,3,Somewhat Intelligent,3,Somewhat Unkind,2,Upper Middle Class,3,Somewhat Unintelligent,2,Somewhat Unkind,2,Upper Middle Class,3,Somewhat Intelligent,3,Moderately Kind,4,Upper Middle Class,3,Somewhat Intelligent,3,Somewhat Unkind,2,Upper Middle Class,3
109,18 - 24,Yes,Female,East Asian,Somewhat Intelligent,3,Moderately Unkind,1,Lower High Class,4,Moderately Intelligent,4,Moderately Kind,4,Upper Middle Class,3,Somewhat Intelligent,3,Somewhat Kind,3,Upper Middle Class,3,Moderately Intelligent,4,Somewhat Kind,3,Lower High Class,4,Moderately Unintelligent,1,Moderately Unkind,1,Lower Middle Class,2,Moderately Intelligent,4,Not Kind At All,0,Upper High Class,5,Moderately Intelligent,4,Moderately Kind,4,Upper Middle Class,3,Moderately Unintelligent,1,Somewhat Unkind,2,Lower High Class,4